<?xml version="1.0" encoding="UTF-8"?>
<mule xmlns:doc="http://www.mulesoft.org/schema/mule/documentation" xmlns="http://www.mulesoft.org/schema/mule/core" xmlns:apikit="http://www.mulesoft.org/schema/mule/apikit" xmlns:http="http://www.mulesoft.org/schema/mule/http" xmlns:spring="http://www.springframework.org/schema/beans" xmlns:xsi="http://www.w3.org/2001/XMLSchema-instance" xsi:schemaLocation="http://www.mulesoft.org/schema/mule/core http://www.mulesoft.org/schema/mule/core/current/mule.xsd
http://www.mulesoft.org/schema/mule/http http://www.mulesoft.org/schema/mule/http/current/mule-http.xsd
http://www.mulesoft.org/schema/mule/apikit http://www.mulesoft.org/schema/mule/apikit/current/mule-apikit.xsd
http://www.springframework.org/schema/beans http://www.springframework.org/schema/beans/spring-beans-3.1.xsd">
   
   
       
    <flow name="credential-vault-api-main">
        <http:listener config-ref="credentials-vault-api-http-lc-8091" path="/vault/*" doc:name="HTTP"/>
        <apikit:router config-ref="credential-vault-api-config" doc:name="APIkit Router"/>
        <exception-strategy ref="credential-vault-api-apiKitGlobalExceptionMapping" doc:name="Reference Exception Strategy"/>
    </flow>
    <flow name="credential-vault-api-console">
        <http:listener config-ref="credentials-vault-api-http-lc-8091" path="/console/*" doc:name="HTTP"/>
        <apikit:console config-ref="credential-vault-api-config" doc:name="APIkit Console"/>
    </flow>
    <flow name="get:/credentials:credential-vault-api-config">
        <flow-ref name="credential-details-subflow" doc:name="credential-details-subflow"/>
       <!--  <set-payload value="{&#xA;   &quot;coord&quot;: {&#xA;   &quot;lon&quot;: -0.13,&#xA;   &quot;lat&quot;: 51.51&#xA;     },&#xA;   &quot;main&quot;: {&#xA;   &quot;temp&quot;: 290.24,&#xA;   &quot;pressure&quot;: 1016,&#xA;   &quot;humidity&quot;: 77,&#xA;   &quot;temp_min&quot;: 288.15,&#xA;   &quot;temp_max&quot;: 292.15&#xA;        },&#xA;   &quot;id&quot;: 2643743,&#xA;    &quot;name&quot;: &quot;London&quot;,&#xA;     &quot;cod&quot;: 200&#xA;  }" doc:name="Set Payload"/> -->
    </flow>
   
</mule>
